produto-id;loja-id;produto-link;produto-preco
88543644;1;https://www.leroymerlin.com.br/tinta-latex-fosco-diatex-pinta-mais-economica-perola-3.6l-iquine_88543644;47
85430422;1;https://www.leroymerlin.com.br/tinta-latex-fosco-a-classica-maxx-premium-camurca-3.6l-suvinil_85430422;110
89705952;1;https://www.leroymerlin.com.br/tinta-acrilica-premium-impermeabilizante-fosco-protecao-sol-e-chuva-algas-profundas-3.6l-coral_89705952;123
87247503;1;https://www.leroymerlin.com.br/tinta-acrilica-fosco-perfeito-metalatex-premium-laranja-3.6l-sherwin-williams_87247503;83
87465805;1;https://www.leroymerlin.com.br/tinta-acrilica-fosco-novacor-parede-mais-rendimento-standard-verde-itacare-3.6l-sherwin-williams_87465805;74
88548320;1;https://www.leroymerlin.com.br/tinta-acrilica-fosco-diacryl-tripla-acao-standard-branco-gelo-18l-iquine_88548320;162
87465924;1;https://www.leroymerlin.com.br/tinta-acrilica-fosco-novacor-parede-mais-rendimentoe-standard-verde-itacare-18l-sherwin-williams_87465924;241
85794562;1;https://www.leroymerlin.com.br/tinta-acrilica-acetinado-toque-de-seda-premium-gelo-3.6l-suvinil_85794562;154
85186325;1;https://www.leroymerlin.com.br/tinta-acrilica-fosco-perfeito-metalatex-premium-branco-gelo-18l-sherwin-williams_85186325;329
89705875;1;https://www.leroymerlin.com.br/tinta-acrilica-fosca-total-sec-premium-trilha-ecologica-3.6l-coral_89705875;118
88548355;1;https://www.leroymerlin.com.br/tinta-acrilica-fosco-diacryl-tripla-acao-standard-marfim-18l-iquine_88548355;162
90372716;1;https://www.leroymerlin.com.br/tinta-acrilica-premium-fosco-completo-estrada-de-terra-18l_90372716;414
88543686;1;https://www.leroymerlin.com.br/tinta-latex-fosco-diatex-pinta-mais-economica-hortela-3.6l-iquine_88543686;47
85184253;1;https://www.leroymerlin.com.br/tinta-acrilica-semibrilho-metalatex-brilho-perfeito-premium-branco-gelo-3.6l-sherwin-williams_85184253;122
86881676;1;https://www.leroymerlin.com.br/tinta-acrilica-fosco-novacor-parede-mais-rendimento-standard-palha-18l-sherwin-williams_86881676;241
87738595;1;https://www.leroymerlin.com.br/tinta-para-litoral-fosco-litoral-palha-itaunas-3.6l-sherwin-williams_87738595;114
89732944;1;https://www.leroymerlin.com.br/tinta-acrilica-acetinada-acabamento-de-seda-premium-gelo-3.6l-coral_89732944;139
90395746;1;https://www.leroymerlin.com.br/tinta-acrilica-acetinado-premium-perola-3.6l-luxens_90395746;90
90372702;1;https://www.leroymerlin.com.br/tinta-acrilica-premium-fosco-completo-andiroba-18l_90372702;394
86881704;1;https://www.leroymerlin.com.br/tinta-acrilica-fosco-novacor-parede-mais-rendimentoe-standard-perola-18l-sherwin-williams_86881704;241
85430730;1;https://www.leroymerlin.com.br/tinta-latex-fosco-a-classica-maxx-premium-camurca-18l-suvinil_85430730;319
88568942;1;https://www.leroymerlin.com.br/tinta-acrilica-fosco-decora-paredes-premium-rosa-classic-0.5l-elegance_88568942;20
89705896;1;https://www.leroymerlin.com.br/tinta-acrilica-fosca-total-sec-premium-pote-argila-3.6l-coral_89705896;115
87173016;1;https://www.leroymerlin.com.br/tinta-acrilica-semibrilho-metalatex-brilho-perfeito-premium-perola-3.6l-sherwin-williams_87173016;122
85438913;1;https://www.leroymerlin.com.br/tinta-acrilica-fosco-completo-premium-marfim-18l-suvinil_85438913;399
90319194;1;https://www.leroymerlin.com.br/tinta-protecao-total-fosco-grisalho-18l-suvinil_90319194;449
89705714;1;https://www.leroymerlin.com.br/tinta-acrilica-fosca-total-sec-premium-arquiteura-urbana-3.6l-coral_89705714;104
87253782;1;https://www.leroymerlin.com.br/tinta-acrilica-acetinado-metalatex-requinte-superlavavel-premium-erva-doce-18l-sherwin-williams_87253782;333
90319173;1;https://www.leroymerlin.com.br/tinta-protecao-total-fosco-estrada-de-terra-18l-suvinil_90319173;459
87247482;1;https://www.leroymerlin.com.br/tinta-acrilica-fosco-perfeito-metalatex-premium-mel-3.6l-sherwin-williams_87247482;92
90319236;1;https://www.leroymerlin.com.br/tinta-acrilica-glasurit-fosco-branco-neve-3.6l-suvinil_90319236;45
89706064;1;https://www.leroymerlin.com.br/tinta-acrilica-premium-impermeabilizante-fosco-protecao-sol-e-chuva-mergulho-sereno-18l-coral_89706064;456
90319215;1;https://www.leroymerlin.com.br/tinta-protecao-total-fosco-marfim-18l-suvinil_90319215;449
87243100;1;https://www.leroymerlin.com.br/tinta-acrilica-fosco-novacor-parede-mais-rendimento-standard-erva-doce-3.6l-sherwin-williams_87243100;72
87949624;1;https://www.leroymerlin.com.br/tinta-acrilica-fosco-completo-premium-erva-doce-18l-suvinil_87949624;399
85185142;1;https://www.leroymerlin.com.br/tinta-acrilica-semibrilho-metalatex-brilho-perfeito-premium-branco-18l-sherwin-williams_85185142;445
87254573;1;https://www.leroymerlin.com.br/tinta-acrilica-acetinado-metalatex-requinte-superlavavel-premium-erva-doce-3.6l-sherwin-williams_87254573;118
87352370;1;https://www.leroymerlin.com.br/tinta-para-litoral-acetinado-metalatex-terracota-18l-sherwin-williams_87352370;422
87247391;1;https://www.leroymerlin.com.br/tinta-acrilica-fosco-perfeito-metalatex-premium-laranja-18l-sherwin-williams_87247391;302
89732895;1;https://www.leroymerlin.com.br/tinta-acrilica-acetinada-acabamento-de-seda-premium-zepelim-18l-coral_89732895;419
88541425;1;https://www.leroymerlin.com.br/tinta-acrilica-fosco-diacryl-tripla-acao-standard-branco-gelo-3.6l-iquine_88541425;48
88541355;1;https://www.leroymerlin.com.br/tinta-acrilica-fosco-diacryl-tripla-acao-standard-branco-neve-3.6l-iquine_88541355;48
89749870;1;https://www.leroymerlin.com.br/tinta-acrilica-fosca-premium-decora-cascalho-18l-coral_89749870;349
87738245;1;https://www.leroymerlin.com.br/tinta-para-litoral-fosco-litoral-premium-palha-itaunas-18l-sherwin-williams_87738245;354
90319285;1;https://www.leroymerlin.com.br/base-a2-fosco-limpeza-total-16l-suvinil_90319285;467
87085705;1;https://www.leroymerlin.com.br/tinta-acrilica-fosco-perfeito-metalatex-premium-marfim-3.6l-sherwin-williams_87085705;92
87949652;1;https://www.leroymerlin.com.br/tinta-acrilica-fosco-completo-premium-uva-verde-18l-suvinil_87949652;399
87224256;1;https://www.leroymerlin.com.br/tinta-para-litoral-acetinado-metalatex-perola-guaruja-3.6l-sherwin-williams_87224256;104
87640000;1;https://www.leroymerlin.com.br/tinta-acrilica-fosco-metalatex-eco-premium-vermelha-rustico-3.6l-sherwin-williams_87640000;92
87660454;1;https://www.leroymerlin.com.br/tinta-acrilica-fosco-protecao-sol-e-chuva-premium-branco-3.6l-coral_87660454;122
87640035;1;https://www.leroymerlin.com.br/tinta-acrilica-fosco-perfeito-metalatex-premium-verde-eco-18l-sherwin-williams_87640035;331
85438045;1;https://www.leroymerlin.com.br/tinta-acrilica-fosco-completo-premium-camurca-3.6l-suvinil_85438045;119
87109071;1;https://www.leroymerlin.com.br/tinta-para-litoral-acetinado-metalatex-amarelo-camburi-3.6l-sherwin-williams_87109071;104
89706015;1;https://www.leroymerlin.com.br/tinta-acrilica-premium-impermeabilizante-fosco-protecao-sol-e-chuva-arquitetura-urbana-3.6l-coral_89706015;123
89706036;1;https://www.leroymerlin.com.br/tinta-acrilica-premium-impermeabilizante-fosco-protecao-sol-e-chuva-cogumelo-japones-3.6l-coral_89706036;123
89705644;1;https://www.leroymerlin.com.br/tinta-acrilica-fosca-total-sec-premium-algas-profundas-18l-coral_89705644;375
87106180;1;https://www.leroymerlin.com.br/tinta-acrilica-fosco-kem-tone-economica-branco-3.6l-sherwin-williams_87106180;42
86511586;1;https://www.leroymerlin.com.br/tinta-latex-fosco-a-classica-maxx-premium-amarela-canario-18l-suvinil_86511586;320
86894290;1;https://www.leroymerlin.com.br/tinta-acrilica-fosco-novacor-parede-mais-rendimento-standard-areia-3.6l-sherwin-williams_86894290;74
87106740;1;https://www.leroymerlin.com.br/tinta-acrilica-fosco-kem-tone-economica-marfim-3.6l-sherwin-williams_87106740;36
87949162;1;https://www.leroymerlin.com.br/tinta-latex-fosco-a-classica-maxx-premium-tangerina-3.6l-suvinil_87949162;110
87949722;1;https://www.leroymerlin.com.br/tinta-acrilica-fosco-completo-premium-uva-verde-3.6l-suvinil_87949722;130
89705756;1;https://www.leroymerlin.com.br/tinta-acrilica-fosca-total-sec-premium-bronze-lenda-3.6l-coral_89705756;104
88543693;1;https://www.leroymerlin.com.br/tinta-latex-fosco-diatex-pinta-mais-economica-cromo-3.6l-iquine_88543693;47
87088064;1;https://www.leroymerlin.com.br/tinta-acrilica-semibrilho-metalatex-brilho-perfeito-premium-marfim-18l-sherwin-williams_87088064;396
89705812;1;https://www.leroymerlin.com.br/tinta-acrilica-fosca-total-sec-premium-escrita-antiga-3.6l-coral_89705812;118
88568872;1;https://www.leroymerlin.com.br/tinta-acrilica-fosco-decora-paredes-premium-bronze-0.5-l-elegance_88568872;20
89732846;1;https://www.leroymerlin.com.br/tinta-acrilica-acetinada-acabamento-de-seda-premium-rupestre-18l-coral_89732846;433
86378936;1;https://www.leroymerlin.com.br/tinta-acrilica-fosco-completo-premium-mel-18l-suvinil_86378936;399
88568655;1;https://www.leroymerlin.com.br/tinta-acrilica-fosco-decora-paredes-premium-pistache-2.5l-elegance_88568655;52
88541453;1;https://www.leroymerlin.com.br/tinta-acrilica-fosco-diacryl-tripla-acao-standard-marfim-3.6l-iquine_88541453;48
88548341;1;https://www.leroymerlin.com.br/tinta-acrilica-fosco-diacryl-tripla-acao-standard-palha--18l-iquine_88548341;162
89705651;1;https://www.leroymerlin.com.br/tinta-acrilica-fosca-total-sec-premium-algas-profundas-3.6l-coral_89705651;115
87296741;1;https://www.leroymerlin.com.br/tinta-acrilica-semibrilho-metalatex-brilho-perfeito-premium-palha-3.6l-sherwin-williams_87296741;122
86881711;1;https://www.leroymerlin.com.br/tinta-acrilica-fosco-novacor-parede-mais-rendimentoe-standard-marfim-18l-sherwin-williams_86881711;224
89058081;1;https://www.leroymerlin.com.br/tinta-acrilica-fosco-protecao-total-premium-branco-3.6l-suvinil_89058081;126
89705833;1;https://www.leroymerlin.com.br/tinta-acrilica-fosca-total-sec-premium-mergulho-sereno-3.6l-coral_89705833;115
88548292;1;https://www.leroymerlin.com.br/tinta-acrilica-fosco-diacryl-tripla-acao-standard-branco-neve-18l-iquine_88548292;162
89705693;1;https://www.leroymerlin.com.br/tinta-acrilica-fosca-total-sec-premium-areia-3.6l-coral_89705693;110
90372723;1;https://www.leroymerlin.com.br/tinta-acrilica-premium-fosco-completo-terra-roxa-18l_90372723;414
87243051;1;https://www.leroymerlin.com.br/tinta-acrilica-fosco-novacor-parede-mais-rendimento-standard-erva-doce-18l-sherwin-williams_87243051;224
85179143;1;https://www.leroymerlin.com.br/tinta-acrilica-semibrilho-metalatex-bactercryl-premium-branco-0.9l-sherwin-williams_85179143;48
87254601;1;https://www.leroymerlin.com.br/tinta-acrilica-acetinado-metalatex-requinte-superlavavel-premium-perola-3.6l-sherwin-williams_87254601;128
86894255;1;https://www.leroymerlin.com.br/tinta-acrilica-fosco-novacor-parede-mais-rendimento-standard-perola-3.6l-sherwin-williams_86894255;74
88541446;1;https://www.leroymerlin.com.br/tinta-acrilica-fosco-diacryl-tripla-acao-standard-palha-3.6l-iquine_88541446;48
87106250;1;https://www.leroymerlin.com.br/tinta-acrilica-fosco-kem-tone-economica-economica-branco-gelo-3.6l-sherwin-williams_87106250;42
88543623;1;https://www.leroymerlin.com.br/tinta-latex-fosco-diatex-pinta-mais-economica-marfim-3.6l-iquine_88543623;47
89706043;1;https://www.leroymerlin.com.br/tinta-acrilica-premium-impermeabilizante-fosco-protecao-sol-e-chuva-escrita-antiga-18l-coral_89706043;456
85430982;1;https://www.leroymerlin.com.br/tinta-latex-fosco-a-classica-maxx-premium-perola-18l-suvinil_85430982;319
85184820;1;https://www.leroymerlin.com.br/tinta-acrilica-semibrilho-metalatex-brilho-perfeito-premium-branco-gelo-18l-sherwin-williams_85184820;435
86881816;1;https://www.leroymerlin.com.br/tinta-acrilica-fosco-novacor-parede-mais-rendimentoe-standard-camurca-18l-sherwin-williams_86881816;241
90570431;1;https://www.leroymerlin.com.br/tinta-acrilica-premium-renova-fosco-branco-3.2l-coral_90570431;84
90570424;1;https://www.leroymerlin.com.br/tinta-acrilica-premium-renova-fosco-branco-0.8l-coral_90570424;28
90372765;1;https://www.leroymerlin.com.br/tinta-acrilica-premium-fosco-completo-estrada-de-terrra-3.6l_90372765;164
87085621;1;https://www.leroymerlin.com.br/tinta-acrilica-fosco-perfeito-metalatex-premium-perola-3.6l-sherwin-williams_87085621;92
89705826;1;https://www.leroymerlin.com.br/tinta-acrilica-fosca-total-sec-premium-mergulho-sereno-18l-coral_89705826;375
87224333;1;https://www.leroymerlin.com.br/tinta-para-litoral-acetinado-premium-amarelo-garopaba-3.6l-sherwin-williams_87224333;115
88568662;1;https://www.leroymerlin.com.br/tinta-acrilica-fosco-decora-paredes-premium-verde-amazonas-2.5l-elegance_88568662;52
89705994;1;https://www.leroymerlin.com.br/tinta-acrilica-premium-impermeabilizante-fosco-protecao-sol-e-chuva-areia-3.6l-coral_89705994;123
87660440;1;https://www.leroymerlin.com.br/tinta-acrilica-fosco-protecao-sol-e-chuva-premium-branco-18l-coral_87660440;473
87107853;1;https://www.leroymerlin.com.br/tinta-para-litoral-acetinado-metalatex-laranja-sauipe-18l-sherwin-williams_87107853;386
87085320;1;https://www.leroymerlin.com.br/tinta-acrilica-fosco-perfeito-metalatex-premium-perola-18l-sherwin-williams_87085320;329
87949414;1;https://www.leroymerlin.com.br/tinta-latex-fosco-a-classica-maxx-premium-tangerina-18l-suvinil_87949414;319
90319180;1;https://www.leroymerlin.com.br/tinta-protecao-total-fosco-estrada-de-terra-3.6l-suvinil_90319180;140
89705805;1;https://www.leroymerlin.com.br/tinta-acrilica-fosca-total-sec-premium-escrita-antiga-18l-coral_89705805;375
89705945;1;https://www.leroymerlin.com.br/tinta-acrilica-premium-impermeabilizante-fosco-protecao-sol-e-chuva-algas-profundas-18l-coral_89705945;457
87653055;1;https://www.leroymerlin.com.br/tinta-acrilica-fosco-novacor-parede-mais-rendimento-standard-branco-20l-sherwin-williams_87653055;259
90396012;1;https://www.leroymerlin.com.br/tinta-acrilica-semibrilho-premium-cinza-chumbo-18l-luxens_90396012;379
89705616;1;https://www.leroymerlin.com.br/tinta-acrilica-fosca-total-sec-premium-gelo-3.6l-coral_89705616;110
89705882;1;https://www.leroymerlin.com.br/tinta-acrilica-fosca-total-sec-premium-pote-argila-18l-coral_89705882;375
90395424;1;https://www.leroymerlin.com.br/tinta-criativa-lencol-linho-5l-suvinil_90395424;148
89732825;1;https://www.leroymerlin.com.br/tinta-acrilica-acetinada-acabamento-de-seda-premium-rupestre-3.6l-coral_89732825;126
89339222;1;https://www.leroymerlin.com.br/tinta-acrilica-acetinado-metalatex-elastic-premium-branco-3.6l-sherwin-williams_89339222;115
87106236;1;https://www.leroymerlin.com.br/tinta-acrilica-fosco-kem-tone-economica-perola-3.6l-sherwin-williams_87106236;38
89336996;1;https://www.leroymerlin.com.br/tinta-acrilica-acetinado-metalatex-elastic-premium-branco-18l-sherwin-williams_89336996;365
88054330;1;https://www.leroymerlin.com.br/tinta-acrilica-acetinado-metalatex-requinte-superlavavel-premium-branco-20l-sherwin-williams_88054330;394
85052464;1;https://www.leroymerlin.com.br/tinta-acrilica-fosco-novacor-parede-mais-rendimento-standard-gelo-3.6l-sherwin-williams_85052464;74
90395466;1;https://www.leroymerlin.com.br/tinta-criativa-rio-serrano-5l-suvinil_90395466;148
87247531;1;https://www.leroymerlin.com.br/tinta-acrilica-fosco-perfeito-metalatex-premium-bianco-sereno-3.6l-sherwin-williams_87247531;92
89732951;1;https://www.leroymerlin.com.br/tinta-acrilica-acetinada-acabamento-de-seda-premium-gelo-18l-coral_89732951;459
89058046;1;https://www.leroymerlin.com.br/tinta-acrilica-fosco-protecao-total-premium-branco-18l-suvinil_89058046;469
87085411;1;https://www.leroymerlin.com.br/tinta-acrilica-fosco-perfeito-metalatex-premium-terracota-3.6l-sherwin-williams_87085411;92
89749765;1;https://www.leroymerlin.com.br/tinta-acrilica-fosca-premium-decora-cascalho-3.6l-coral_89749765;109
87109176;1;https://www.leroymerlin.com.br/tinta-para-litoral-acetinado-metalatex-verde-itacare-3.6l-sherwin-williams_87109176;116
89705672;1;https://www.leroymerlin.com.br/tinta-acrilica-fosca-total-sec-premium-algodao-egipcio-3.6l-coral_89705672;104
85052632;1;https://www.leroymerlin.com.br/tinta-acrilica-fosco-novacor-parede-mais-rendimento-standard-gelo-18l-sherwin-williams_85052632;241
89705980;1;https://www.leroymerlin.com.br/tinta-acrilica-premium-impermeabilizante-fosco-protecao-sol-e-chuva-areia-18l-coral_89705980;457
87639993;1;https://www.leroymerlin.com.br/tinta-acrilica-fosco-perfeito-metalatex-premium-vermelha-rustico-18l-sherwin-williams_87639993;335
90372751;1;https://www.leroymerlin.com.br/tinta-acrilica-premium-fosco-completo-andiroba-3.6l_90372751;109
88543630;1;https://www.leroymerlin.com.br/tinta-latex-fosco-diatex-pinta-mais-economica-branco-gelo-3.6l-iquine_88543630;47
87797311;1;https://www.leroymerlin.com.br/tinta-acrilica-fosco-perfeito-metalatex-premium-branco-20l-sherwin-williams_87797311;331
90372786;1;https://www.leroymerlin.com.br/tinta-acrilica-premium-fosco-completo-cashmere-3.6l_90372786;109
88543616;1;https://www.leroymerlin.com.br/tinta-latex-fosco-diatex-pinta-mais-economica-branco-neve-3.6l-iquine_88543616;47
85431325;1;https://www.leroymerlin.com.br/tinta-latex-fosco-a-classica-maxx-premium-gelo-3.6l-suvinil_85431325;95
86894262;1;https://www.leroymerlin.com.br/tinta-acrilica-fosco-novacor-parede-mais-rendimentoe-standard-marfim-3.6l-sherwin-williams_86894262;62
87247433;1;https://www.leroymerlin.com.br/tinta-acrilica-fosco-perfeito-metalatex-premium-bianco-sereno-18l-sherwin-williams_87247433;329
87738056;1;https://www.leroymerlin.com.br/tinta-acrilica-fosco-completo-tomate-seco-3.6l-suvinil_87738056;130
87253691;1;https://www.leroymerlin.com.br/tinta-acrilica-acetinado-metalatex-requinte-superlavavel-premium-bianco-sereno-18l-sherwin-williams_87253691;358
89705854;1;https://www.leroymerlin.com.br/tinta-acrilica-fosca-total-sec-premium-pacoca-doce-3.6l-coral_89705854;110
89705770;1;https://www.leroymerlin.com.br/tinta-acrilica-fosca-total-sec-premium-cogumelo-japones-3.6l-coral_89705770;104
88207623;1;https://www.leroymerlin.com.br/tinta-acrilica-acetinado-familia-protegida-branco-18l-suvinil_88207623;478
88543651;1;https://www.leroymerlin.com.br/tinta-latex-fosco-diatex-pinta-mais-economica-camarao-3.6l-iquine_88543651;47
90570536;1;https://www.leroymerlin.com.br/tinta-acrilica-premium-renova-fosco-branco-18l-coral_90570536;299
85430513;1;https://www.leroymerlin.com.br/tinta-latex-fosco-a-classica-maxx-premium-marfim-3.6l-suvinil_85430513;110
86881683;1;https://www.leroymerlin.com.br/tinta-acrilica-fosco-novacor-parede-mais-rendimentoe-standard-amarelo-canario-18l-sherwin-williams_86881683;219
89705602;1;https://www.leroymerlin.com.br/tinta-acrilica-fosca-total-sec-premium-gelo-18l-coral_89705602;389
87296783;1;https://www.leroymerlin.com.br/tinta-acrilica-semibrilho-metalatex-brilho-perfeito-premium-bianco-sereno-3.6l-sherwin-williams_87296783;110
87088386;1;https://www.leroymerlin.com.br/tinta-acrilica-semibrilho-metalatex-brilho-perfeito-premium--areia-3.6l-sherwin-williams_87088386;122
87296762;1;https://www.leroymerlin.com.br/tinta-acrilica-semibrilho-metalatex-brilho-perfeito-premium-erva-doce-3.6l-sherwin-williams_87296762;110
90372730;1;https://www.leroymerlin.com.br/tinta-acrilica-premium-fosco-completo-cashmere-18l_90372730;394
89669650;1;https://www.leroymerlin.com.br/tinta-acrilica-semi-brilho-premium-decora-gelo-18l-coral_89669650;449
87088022;1;https://www.leroymerlin.com.br/tinta-acrilica-semibrilho-metalatex-brilho-perfeito-premium-palha-18l-sherwin-williams_87088022;435
90372772;1;https://www.leroymerlin.com.br/tinta-acrilica-premium-fosco-completo-terra-roxa-3.6l_90372772;164
88568480;1;https://www.leroymerlin.com.br/tinta-acrilica-fosco-decora-paredes-premium-mel-2.5l-elegance_88568480;52
89705735;1;https://www.leroymerlin.com.br/tinta-acrilica-fosca-total-sec-premium-barco-a-remo-3.6l-coral_89705735;104
89705721;1;https://www.leroymerlin.com.br/tinta-acrilica-fosca-total-sec-premium-barco-a-remo-18l-coral_89705721;389
87247412;1;https://www.leroymerlin.com.br/tinta-acrilica-fosco-perfeito-metalatex-premium-erva-doce-18l-sherwin-williams_87247412;329
85185814;1;https://www.leroymerlin.com.br/tinta-acrilica-fosco-perfeito-metalatex-premium-branco-gelo-3.6l-sherwin-williams_85185814;92
89705665;1;https://www.leroymerlin.com.br/tinta-acrilica-fosca-total-sec-premium-algodao-egipcio-18l-coral_89705665;389
86378460;1;https://www.leroymerlin.com.br/tinta-acrilica-fosco-completo-premium-mel-3.6l-suvinil_86378460;130
87085691;1;https://www.leroymerlin.com.br/tinta-acrilica-fosco-perfeito-metalatex-premium-areia-3.6l-sherwin-williams_87085691;82
88543644;2;https://www.cec.com.br/tintas-e-acessorios/tintas/tintas-para-parede;45
85430422;2;https://www.cec.com.br/tintas-e-acessorios/tintas/tintas-para-parede;120
89705952;2;https://www.cec.com.br/tintas-e-acessorios/tintas/tintas-para-parede;119
87247503;2;https://www.cec.com.br/tintas-e-acessorios/tintas/tintas-para-parede;91
87465805;2;https://www.cec.com.br/tintas-e-acessorios/tintas/tintas-para-parede;77
88548320;2;https://www.cec.com.br/tintas-e-acessorios/tintas/tintas-para-parede;157
87465924;2;https://www.cec.com.br/tintas-e-acessorios/tintas/tintas-para-parede;238
85794562;2;https://www.cec.com.br/tintas-e-acessorios/tintas/tintas-para-parede;152
85186325;2;https://www.cec.com.br/tintas-e-acessorios/tintas/tintas-para-parede;349
89705875;2;https://www.cec.com.br/tintas-e-acessorios/tintas/tintas-para-parede;117
88548355;2;https://www.cec.com.br/tintas-e-acessorios/tintas/tintas-para-parede;161
90372716;2;https://www.cec.com.br/tintas-e-acessorios/tintas/tintas-para-parede;376
88543686;2;https://www.cec.com.br/tintas-e-acessorios/tintas/tintas-para-parede;50
85184253;2;https://www.cec.com.br/tintas-e-acessorios/tintas/tintas-para-parede;119
86881676;2;https://www.cec.com.br/tintas-e-acessorios/tintas/tintas-para-parede;259
87738595;2;https://www.cec.com.br/tintas-e-acessorios/tintas/tintas-para-parede;118
89732944;2;https://www.cec.com.br/tintas-e-acessorios/tintas/tintas-para-parede;134
90395746;2;https://www.cec.com.br/tintas-e-acessorios/tintas/tintas-para-parede;92
90372702;2;https://www.cec.com.br/tintas-e-acessorios/tintas/tintas-para-parede;377
86881704;2;https://www.cec.com.br/tintas-e-acessorios/tintas/tintas-para-parede;222
85430730;2;https://www.cec.com.br/tintas-e-acessorios/tintas/tintas-para-parede;309
88568942;2;https://www.cec.com.br/tintas-e-acessorios/tintas/tintas-para-parede;20
89705896;2;https://www.cec.com.br/tintas-e-acessorios/tintas/tintas-para-parede;125
87173016;2;https://www.cec.com.br/tintas-e-acessorios/tintas/tintas-para-parede;119
85438913;2;https://www.cec.com.br/tintas-e-acessorios/tintas/tintas-para-parede;380
90319194;2;https://www.cec.com.br/tintas-e-acessorios/tintas/tintas-para-parede;458
89705714;2;https://www.cec.com.br/tintas-e-acessorios/tintas/tintas-para-parede;104
87253782;2;https://www.cec.com.br/tintas-e-acessorios/tintas/tintas-para-parede;363
90319173;2;https://www.cec.com.br/tintas-e-acessorios/tintas/tintas-para-parede;504
87247482;2;https://www.cec.com.br/tintas-e-acessorios/tintas/tintas-para-parede;85
90319236;2;https://www.cec.com.br/tintas-e-acessorios/tintas/tintas-para-parede;47
89706064;2;https://www.cec.com.br/tintas-e-acessorios/tintas/tintas-para-parede;439
90319215;2;https://www.cec.com.br/tintas-e-acessorios/tintas/tintas-para-parede;413
87243100;2;https://www.cec.com.br/tintas-e-acessorios/tintas/tintas-para-parede;69
87949624;2;https://www.cec.com.br/tintas-e-acessorios/tintas/tintas-para-parede;428
85185142;2;https://www.cec.com.br/tintas-e-acessorios/tintas/tintas-para-parede;463
87254573;2;https://www.cec.com.br/tintas-e-acessorios/tintas/tintas-para-parede;110
87352370;2;https://www.cec.com.br/tintas-e-acessorios/tintas/tintas-para-parede;393
87247391;2;https://www.cec.com.br/tintas-e-acessorios/tintas/tintas-para-parede;301
89732895;2;https://www.cec.com.br/tintas-e-acessorios/tintas/tintas-para-parede;388
88541425;2;https://www.cec.com.br/tintas-e-acessorios/tintas/tintas-para-parede;44
88541355;2;https://www.cec.com.br/tintas-e-acessorios/tintas/tintas-para-parede;44
89749870;2;https://www.cec.com.br/tintas-e-acessorios/tintas/tintas-para-parede;328
87738245;2;https://www.cec.com.br/tintas-e-acessorios/tintas/tintas-para-parede;369
90319285;2;https://www.cec.com.br/tintas-e-acessorios/tintas/tintas-para-parede;487
87085705;2;https://www.cec.com.br/tintas-e-acessorios/tintas/tintas-para-parede;91
87949652;2;https://www.cec.com.br/tintas-e-acessorios/tintas/tintas-para-parede;414
87224256;2;https://www.cec.com.br/tintas-e-acessorios/tintas/tintas-para-parede;111
87640000;2;https://www.cec.com.br/tintas-e-acessorios/tintas/tintas-para-parede;101
87660454;2;https://www.cec.com.br/tintas-e-acessorios/tintas/tintas-para-parede;134
87640035;2;https://www.cec.com.br/tintas-e-acessorios/tintas/tintas-para-parede;324
85438045;2;https://www.cec.com.br/tintas-e-acessorios/tintas/tintas-para-parede;119
87109071;2;https://www.cec.com.br/tintas-e-acessorios/tintas/tintas-para-parede;101
89706015;2;https://www.cec.com.br/tintas-e-acessorios/tintas/tintas-para-parede;124
89706036;2;https://www.cec.com.br/tintas-e-acessorios/tintas/tintas-para-parede;130
89705644;2;https://www.cec.com.br/tintas-e-acessorios/tintas/tintas-para-parede;365
87106180;2;https://www.cec.com.br/tintas-e-acessorios/tintas/tintas-para-parede;40
86511586;2;https://www.cec.com.br/tintas-e-acessorios/tintas/tintas-para-parede;288
86894290;2;https://www.cec.com.br/tintas-e-acessorios/tintas/tintas-para-parede;71
87106740;2;https://www.cec.com.br/tintas-e-acessorios/tintas/tintas-para-parede;39
87949162;2;https://www.cec.com.br/tintas-e-acessorios/tintas/tintas-para-parede;116
87949722;2;https://www.cec.com.br/tintas-e-acessorios/tintas/tintas-para-parede;138
89705756;2;https://www.cec.com.br/tintas-e-acessorios/tintas/tintas-para-parede;95
88543693;2;https://www.cec.com.br/tintas-e-acessorios/tintas/tintas-para-parede;51
87088064;2;https://www.cec.com.br/tintas-e-acessorios/tintas/tintas-para-parede;397
89705812;2;https://www.cec.com.br/tintas-e-acessorios/tintas/tintas-para-parede;128
88568872;2;https://www.cec.com.br/tintas-e-acessorios/tintas/tintas-para-parede;21
89732846;2;https://www.cec.com.br/tintas-e-acessorios/tintas/tintas-para-parede;445
86378936;2;https://www.cec.com.br/tintas-e-acessorios/tintas/tintas-para-parede;390
88568655;2;https://www.cec.com.br/tintas-e-acessorios/tintas/tintas-para-parede;56
88541453;2;https://www.cec.com.br/tintas-e-acessorios/tintas/tintas-para-parede;45
88548341;2;https://www.cec.com.br/tintas-e-acessorios/tintas/tintas-para-parede;162
89705651;2;https://www.cec.com.br/tintas-e-acessorios/tintas/tintas-para-parede;121
87296741;2;https://www.cec.com.br/tintas-e-acessorios/tintas/tintas-para-parede;124
86881711;2;https://www.cec.com.br/tintas-e-acessorios/tintas/tintas-para-parede;215
89058081;2;https://www.cec.com.br/tintas-e-acessorios/tintas/tintas-para-parede;125
89705833;2;https://www.cec.com.br/tintas-e-acessorios/tintas/tintas-para-parede;115
88548292;2;https://www.cec.com.br/tintas-e-acessorios/tintas/tintas-para-parede;166
89705693;2;https://www.cec.com.br/tintas-e-acessorios/tintas/tintas-para-parede;116
90372723;2;https://www.cec.com.br/tintas-e-acessorios/tintas/tintas-para-parede;443
87243051;2;https://www.cec.com.br/tintas-e-acessorios/tintas/tintas-para-parede;212
85179143;2;https://www.cec.com.br/tintas-e-acessorios/tintas/tintas-para-parede;51
87254601;2;https://www.cec.com.br/tintas-e-acessorios/tintas/tintas-para-parede;138
86894255;2;https://www.cec.com.br/tintas-e-acessorios/tintas/tintas-para-parede;70
88541446;2;https://www.cec.com.br/tintas-e-acessorios/tintas/tintas-para-parede;47
87106250;2;https://www.cec.com.br/tintas-e-acessorios/tintas/tintas-para-parede;39
88543623;2;https://www.cec.com.br/tintas-e-acessorios/tintas/tintas-para-parede;50
89706043;2;https://www.cec.com.br/tintas-e-acessorios/tintas/tintas-para-parede;462
85430982;2;https://www.cec.com.br/tintas-e-acessorios/tintas/tintas-para-parede;333
85184820;2;https://www.cec.com.br/tintas-e-acessorios/tintas/tintas-para-parede;470
86881816;2;https://www.cec.com.br/tintas-e-acessorios/tintas/tintas-para-parede;217
90570431;2;https://www.cec.com.br/tintas-e-acessorios/tintas/tintas-para-parede;84
90570424;2;https://www.cec.com.br/tintas-e-acessorios/tintas/tintas-para-parede;30
90372765;2;https://www.cec.com.br/tintas-e-acessorios/tintas/tintas-para-parede;174
87085621;2;https://www.cec.com.br/tintas-e-acessorios/tintas/tintas-para-parede;87
89705826;2;https://www.cec.com.br/tintas-e-acessorios/tintas/tintas-para-parede;407
87224333;2;https://www.cec.com.br/tintas-e-acessorios/tintas/tintas-para-parede;110
88568662;2;https://www.cec.com.br/tintas-e-acessorios/tintas/tintas-para-parede;50
89705994;2;https://www.cec.com.br/tintas-e-acessorios/tintas/tintas-para-parede;128
87660440;2;https://www.cec.com.br/tintas-e-acessorios/tintas/tintas-para-parede;448
87107853;2;https://www.cec.com.br/tintas-e-acessorios/tintas/tintas-para-parede;385
87085320;2;https://www.cec.com.br/tintas-e-acessorios/tintas/tintas-para-parede;317
87949414;2;https://www.cec.com.br/tintas-e-acessorios/tintas/tintas-para-parede;301
90319180;2;https://www.cec.com.br/tintas-e-acessorios/tintas/tintas-para-parede;132
89705805;2;https://www.cec.com.br/tintas-e-acessorios/tintas/tintas-para-parede;405
89705945;2;https://www.cec.com.br/tintas-e-acessorios/tintas/tintas-para-parede;483
87653055;2;https://www.cec.com.br/tintas-e-acessorios/tintas/tintas-para-parede;271
90396012;2;https://www.cec.com.br/tintas-e-acessorios/tintas/tintas-para-parede;381
89705616;2;https://www.cec.com.br/tintas-e-acessorios/tintas/tintas-para-parede;101
89705882;2;https://www.cec.com.br/tintas-e-acessorios/tintas/tintas-para-parede;394
90395424;2;https://www.cec.com.br/tintas-e-acessorios/tintas/tintas-para-parede;162
89732825;2;https://www.cec.com.br/tintas-e-acessorios/tintas/tintas-para-parede;123
89339222;2;https://www.cec.com.br/tintas-e-acessorios/tintas/tintas-para-parede;114
87106236;2;https://www.cec.com.br/tintas-e-acessorios/tintas/tintas-para-parede;36
89336996;2;https://www.cec.com.br/tintas-e-acessorios/tintas/tintas-para-parede;333
88054330;2;https://www.cec.com.br/tintas-e-acessorios/tintas/tintas-para-parede;421
85052464;2;https://www.cec.com.br/tintas-e-acessorios/tintas/tintas-para-parede;75
90395466;2;https://www.cec.com.br/tintas-e-acessorios/tintas/tintas-para-parede;151
87247531;2;https://www.cec.com.br/tintas-e-acessorios/tintas/tintas-para-parede;98
89732951;2;https://www.cec.com.br/tintas-e-acessorios/tintas/tintas-para-parede;435
89058046;2;https://www.cec.com.br/tintas-e-acessorios/tintas/tintas-para-parede;441
87085411;2;https://www.cec.com.br/tintas-e-acessorios/tintas/tintas-para-parede;101
89749765;2;https://www.cec.com.br/tintas-e-acessorios/tintas/tintas-para-parede;106
87109176;2;https://www.cec.com.br/tintas-e-acessorios/tintas/tintas-para-parede;120
89705672;2;https://www.cec.com.br/tintas-e-acessorios/tintas/tintas-para-parede;107
85052632;2;https://www.cec.com.br/tintas-e-acessorios/tintas/tintas-para-parede;237
89705980;2;https://www.cec.com.br/tintas-e-acessorios/tintas/tintas-para-parede;493
87639993;2;https://www.cec.com.br/tintas-e-acessorios/tintas/tintas-para-parede;342
90372751;2;https://www.cec.com.br/tintas-e-acessorios/tintas/tintas-para-parede;118
88543630;2;https://www.cec.com.br/tintas-e-acessorios/tintas/tintas-para-parede;48
87797311;2;https://www.cec.com.br/tintas-e-acessorios/tintas/tintas-para-parede;336
90372786;2;https://www.cec.com.br/tintas-e-acessorios/tintas/tintas-para-parede;102
88543616;2;https://www.cec.com.br/tintas-e-acessorios/tintas/tintas-para-parede;48
85431325;2;https://www.cec.com.br/tintas-e-acessorios/tintas/tintas-para-parede;89
86894262;2;https://www.cec.com.br/tintas-e-acessorios/tintas/tintas-para-parede;60
87247433;2;https://www.cec.com.br/tintas-e-acessorios/tintas/tintas-para-parede;324
87738056;2;https://www.cec.com.br/tintas-e-acessorios/tintas/tintas-para-parede;132
87253691;2;https://www.cec.com.br/tintas-e-acessorios/tintas/tintas-para-parede;378
89705854;2;https://www.cec.com.br/tintas-e-acessorios/tintas/tintas-para-parede;100
89705770;2;https://www.cec.com.br/tintas-e-acessorios/tintas/tintas-para-parede;107
88207623;2;https://www.cec.com.br/tintas-e-acessorios/tintas/tintas-para-parede;478
88543651;2;https://www.cec.com.br/tintas-e-acessorios/tintas/tintas-para-parede;48
90570536;2;https://www.cec.com.br/tintas-e-acessorios/tintas/tintas-para-parede;325
85430513;2;https://www.cec.com.br/tintas-e-acessorios/tintas/tintas-para-parede;108
86881683;2;https://www.cec.com.br/tintas-e-acessorios/tintas/tintas-para-parede;221
89705602;2;https://www.cec.com.br/tintas-e-acessorios/tintas/tintas-para-parede;412
87296783;2;https://www.cec.com.br/tintas-e-acessorios/tintas/tintas-para-parede;120
87088386;2;https://www.cec.com.br/tintas-e-acessorios/tintas/tintas-para-parede;125
87296762;2;https://www.cec.com.br/tintas-e-acessorios/tintas/tintas-para-parede;114
90372730;2;https://www.cec.com.br/tintas-e-acessorios/tintas/tintas-para-parede;383
89669650;2;https://www.cec.com.br/tintas-e-acessorios/tintas/tintas-para-parede;412
87088022;2;https://www.cec.com.br/tintas-e-acessorios/tintas/tintas-para-parede;453
90372772;2;https://www.cec.com.br/tintas-e-acessorios/tintas/tintas-para-parede;152
88568480;2;https://www.cec.com.br/tintas-e-acessorios/tintas/tintas-para-parede;53
89705735;2;https://www.cec.com.br/tintas-e-acessorios/tintas/tintas-para-parede;110
89705721;2;https://www.cec.com.br/tintas-e-acessorios/tintas/tintas-para-parede;372
87247412;2;https://www.cec.com.br/tintas-e-acessorios/tintas/tintas-para-parede;313
85185814;2;https://www.cec.com.br/tintas-e-acessorios/tintas/tintas-para-parede;98
89705665;2;https://www.cec.com.br/tintas-e-acessorios/tintas/tintas-para-parede;358
86378460;2;https://www.cec.com.br/tintas-e-acessorios/tintas/tintas-para-parede;135
87085691;2;https://www.cec.com.br/tintas-e-acessorios/tintas/tintas-para-parede;88
88543644;3;https://www.sodimac.com.br/sodimac-br/category/cat170785/Tintas-de-Interior?sScenario=BRD_Tinta&sTerm=Tinta;47
85430422;3;https://www.sodimac.com.br/sodimac-br/category/cat170785/Tintas-de-Interior?sScenario=BRD_Tinta&sTerm=Tinta;111
89705952;3;https://www.sodimac.com.br/sodimac-br/category/cat170785/Tintas-de-Interior?sScenario=BRD_Tinta&sTerm=Tinta;118
87247503;3;https://www.sodimac.com.br/sodimac-br/category/cat170785/Tintas-de-Interior?sScenario=BRD_Tinta&sTerm=Tinta;77
87465805;3;https://www.sodimac.com.br/sodimac-br/category/cat170785/Tintas-de-Interior?sScenario=BRD_Tinta&sTerm=Tinta;80
88548320;3;https://www.sodimac.com.br/sodimac-br/category/cat170785/Tintas-de-Interior?sScenario=BRD_Tinta&sTerm=Tinta;161
87465924;3;https://www.sodimac.com.br/sodimac-br/category/cat170785/Tintas-de-Interior?sScenario=BRD_Tinta&sTerm=Tinta;235
85794562;3;https://www.sodimac.com.br/sodimac-br/category/cat170785/Tintas-de-Interior?sScenario=BRD_Tinta&sTerm=Tinta;142
85186325;3;https://www.sodimac.com.br/sodimac-br/category/cat170785/Tintas-de-Interior?sScenario=BRD_Tinta&sTerm=Tinta;356
89705875;3;https://www.sodimac.com.br/sodimac-br/category/cat170785/Tintas-de-Interior?sScenario=BRD_Tinta&sTerm=Tinta;116
88548355;3;https://www.sodimac.com.br/sodimac-br/category/cat170785/Tintas-de-Interior?sScenario=BRD_Tinta&sTerm=Tinta;147
90372716;3;https://www.sodimac.com.br/sodimac-br/category/cat170785/Tintas-de-Interior?sScenario=BRD_Tinta&sTerm=Tinta;408
88543686;3;https://www.sodimac.com.br/sodimac-br/category/cat170785/Tintas-de-Interior?sScenario=BRD_Tinta&sTerm=Tinta;51
85184253;3;https://www.sodimac.com.br/sodimac-br/category/cat170785/Tintas-de-Interior?sScenario=BRD_Tinta&sTerm=Tinta;116
86881676;3;https://www.sodimac.com.br/sodimac-br/category/cat170785/Tintas-de-Interior?sScenario=BRD_Tinta&sTerm=Tinta;260
87738595;3;https://www.sodimac.com.br/sodimac-br/category/cat170785/Tintas-de-Interior?sScenario=BRD_Tinta&sTerm=Tinta;117
89732944;3;https://www.sodimac.com.br/sodimac-br/category/cat170785/Tintas-de-Interior?sScenario=BRD_Tinta&sTerm=Tinta;138
90395746;3;https://www.sodimac.com.br/sodimac-br/category/cat170785/Tintas-de-Interior?sScenario=BRD_Tinta&sTerm=Tinta;96
90372702;3;https://www.sodimac.com.br/sodimac-br/category/cat170785/Tintas-de-Interior?sScenario=BRD_Tinta&sTerm=Tinta;377
86881704;3;https://www.sodimac.com.br/sodimac-br/category/cat170785/Tintas-de-Interior?sScenario=BRD_Tinta&sTerm=Tinta;252
85430730;3;https://www.sodimac.com.br/sodimac-br/category/cat170785/Tintas-de-Interior?sScenario=BRD_Tinta&sTerm=Tinta;313
88568942;3;https://www.sodimac.com.br/sodimac-br/category/cat170785/Tintas-de-Interior?sScenario=BRD_Tinta&sTerm=Tinta;18
89705896;3;https://www.sodimac.com.br/sodimac-br/category/cat170785/Tintas-de-Interior?sScenario=BRD_Tinta&sTerm=Tinta;116
87173016;3;https://www.sodimac.com.br/sodimac-br/category/cat170785/Tintas-de-Interior?sScenario=BRD_Tinta&sTerm=Tinta;112
85438913;3;https://www.sodimac.com.br/sodimac-br/category/cat170785/Tintas-de-Interior?sScenario=BRD_Tinta&sTerm=Tinta;427
90319194;3;https://www.sodimac.com.br/sodimac-br/category/cat170785/Tintas-de-Interior?sScenario=BRD_Tinta&sTerm=Tinta;430
89705714;3;https://www.sodimac.com.br/sodimac-br/category/cat170785/Tintas-de-Interior?sScenario=BRD_Tinta&sTerm=Tinta;113
87253782;3;https://www.sodimac.com.br/sodimac-br/category/cat170785/Tintas-de-Interior?sScenario=BRD_Tinta&sTerm=Tinta;339
90319173;3;https://www.sodimac.com.br/sodimac-br/category/cat170785/Tintas-de-Interior?sScenario=BRD_Tinta&sTerm=Tinta;479
87247482;3;https://www.sodimac.com.br/sodimac-br/category/cat170785/Tintas-de-Interior?sScenario=BRD_Tinta&sTerm=Tinta;86
90319236;3;https://www.sodimac.com.br/sodimac-br/category/cat170785/Tintas-de-Interior?sScenario=BRD_Tinta&sTerm=Tinta;46
89706064;3;https://www.sodimac.com.br/sodimac-br/category/cat170785/Tintas-de-Interior?sScenario=BRD_Tinta&sTerm=Tinta;480
90319215;3;https://www.sodimac.com.br/sodimac-br/category/cat170785/Tintas-de-Interior?sScenario=BRD_Tinta&sTerm=Tinta;454
87243100;3;https://www.sodimac.com.br/sodimac-br/category/cat170785/Tintas-de-Interior?sScenario=BRD_Tinta&sTerm=Tinta;67
87949624;3;https://www.sodimac.com.br/sodimac-br/category/cat170785/Tintas-de-Interior?sScenario=BRD_Tinta&sTerm=Tinta;431
85185142;3;https://www.sodimac.com.br/sodimac-br/category/cat170785/Tintas-de-Interior?sScenario=BRD_Tinta&sTerm=Tinta;470
87254573;3;https://www.sodimac.com.br/sodimac-br/category/cat170785/Tintas-de-Interior?sScenario=BRD_Tinta&sTerm=Tinta;110
87352370;3;https://www.sodimac.com.br/sodimac-br/category/cat170785/Tintas-de-Interior?sScenario=BRD_Tinta&sTerm=Tinta;447
87247391;3;https://www.sodimac.com.br/sodimac-br/category/cat170785/Tintas-de-Interior?sScenario=BRD_Tinta&sTerm=Tinta;315
89732895;3;https://www.sodimac.com.br/sodimac-br/category/cat170785/Tintas-de-Interior?sScenario=BRD_Tinta&sTerm=Tinta;382
88541425;3;https://www.sodimac.com.br/sodimac-br/category/cat170785/Tintas-de-Interior?sScenario=BRD_Tinta&sTerm=Tinta;52
88541355;3;https://www.sodimac.com.br/sodimac-br/category/cat170785/Tintas-de-Interior?sScenario=BRD_Tinta&sTerm=Tinta;51
89749870;3;https://www.sodimac.com.br/sodimac-br/category/cat170785/Tintas-de-Interior?sScenario=BRD_Tinta&sTerm=Tinta;352
87738245;3;https://www.sodimac.com.br/sodimac-br/category/cat170785/Tintas-de-Interior?sScenario=BRD_Tinta&sTerm=Tinta;387
90319285;3;https://www.sodimac.com.br/sodimac-br/category/cat170785/Tintas-de-Interior?sScenario=BRD_Tinta&sTerm=Tinta;426
87085705;3;https://www.sodimac.com.br/sodimac-br/category/cat170785/Tintas-de-Interior?sScenario=BRD_Tinta&sTerm=Tinta;84
87949652;3;https://www.sodimac.com.br/sodimac-br/category/cat170785/Tintas-de-Interior?sScenario=BRD_Tinta&sTerm=Tinta;365
87224256;3;https://www.sodimac.com.br/sodimac-br/category/cat170785/Tintas-de-Interior?sScenario=BRD_Tinta&sTerm=Tinta;106
87640000;3;https://www.sodimac.com.br/sodimac-br/category/cat170785/Tintas-de-Interior?sScenario=BRD_Tinta&sTerm=Tinta;90
87660454;3;https://www.sodimac.com.br/sodimac-br/category/cat170785/Tintas-de-Interior?sScenario=BRD_Tinta&sTerm=Tinta;111
87640035;3;https://www.sodimac.com.br/sodimac-br/category/cat170785/Tintas-de-Interior?sScenario=BRD_Tinta&sTerm=Tinta;358
85438045;3;https://www.sodimac.com.br/sodimac-br/category/cat170785/Tintas-de-Interior?sScenario=BRD_Tinta&sTerm=Tinta;110
87109071;3;https://www.sodimac.com.br/sodimac-br/category/cat170785/Tintas-de-Interior?sScenario=BRD_Tinta&sTerm=Tinta;95
89706015;3;https://www.sodimac.com.br/sodimac-br/category/cat170785/Tintas-de-Interior?sScenario=BRD_Tinta&sTerm=Tinta;133
89706036;3;https://www.sodimac.com.br/sodimac-br/category/cat170785/Tintas-de-Interior?sScenario=BRD_Tinta&sTerm=Tinta;129
89705644;3;https://www.sodimac.com.br/sodimac-br/category/cat170785/Tintas-de-Interior?sScenario=BRD_Tinta&sTerm=Tinta;408
87106180;3;https://www.sodimac.com.br/sodimac-br/category/cat170785/Tintas-de-Interior?sScenario=BRD_Tinta&sTerm=Tinta;45
86511586;3;https://www.sodimac.com.br/sodimac-br/category/cat170785/Tintas-de-Interior?sScenario=BRD_Tinta&sTerm=Tinta;290
86894290;3;https://www.sodimac.com.br/sodimac-br/category/cat170785/Tintas-de-Interior?sScenario=BRD_Tinta&sTerm=Tinta;77
87106740;3;https://www.sodimac.com.br/sodimac-br/category/cat170785/Tintas-de-Interior?sScenario=BRD_Tinta&sTerm=Tinta;38
87949162;3;https://www.sodimac.com.br/sodimac-br/category/cat170785/Tintas-de-Interior?sScenario=BRD_Tinta&sTerm=Tinta;120
87949722;3;https://www.sodimac.com.br/sodimac-br/category/cat170785/Tintas-de-Interior?sScenario=BRD_Tinta&sTerm=Tinta;124
89705756;3;https://www.sodimac.com.br/sodimac-br/category/cat170785/Tintas-de-Interior?sScenario=BRD_Tinta&sTerm=Tinta;107
88543693;3;https://www.sodimac.com.br/sodimac-br/category/cat170785/Tintas-de-Interior?sScenario=BRD_Tinta&sTerm=Tinta;45
87088064;3;https://www.sodimac.com.br/sodimac-br/category/cat170785/Tintas-de-Interior?sScenario=BRD_Tinta&sTerm=Tinta;364
89705812;3;https://www.sodimac.com.br/sodimac-br/category/cat170785/Tintas-de-Interior?sScenario=BRD_Tinta&sTerm=Tinta;126
88568872;3;https://www.sodimac.com.br/sodimac-br/category/cat170785/Tintas-de-Interior?sScenario=BRD_Tinta&sTerm=Tinta;22
89732846;3;https://www.sodimac.com.br/sodimac-br/category/cat170785/Tintas-de-Interior?sScenario=BRD_Tinta&sTerm=Tinta;446
86378936;3;https://www.sodimac.com.br/sodimac-br/category/cat170785/Tintas-de-Interior?sScenario=BRD_Tinta&sTerm=Tinta;429
88568655;3;https://www.sodimac.com.br/sodimac-br/category/cat170785/Tintas-de-Interior?sScenario=BRD_Tinta&sTerm=Tinta;56
88541453;3;https://www.sodimac.com.br/sodimac-br/category/cat170785/Tintas-de-Interior?sScenario=BRD_Tinta&sTerm=Tinta;48
88548341;3;https://www.sodimac.com.br/sodimac-br/category/cat170785/Tintas-de-Interior?sScenario=BRD_Tinta&sTerm=Tinta;159
89705651;3;https://www.sodimac.com.br/sodimac-br/category/cat170785/Tintas-de-Interior?sScenario=BRD_Tinta&sTerm=Tinta;105
87296741;3;https://www.sodimac.com.br/sodimac-br/category/cat170785/Tintas-de-Interior?sScenario=BRD_Tinta&sTerm=Tinta;112
86881711;3;https://www.sodimac.com.br/sodimac-br/category/cat170785/Tintas-de-Interior?sScenario=BRD_Tinta&sTerm=Tinta;214
89058081;3;https://www.sodimac.com.br/sodimac-br/category/cat170785/Tintas-de-Interior?sScenario=BRD_Tinta&sTerm=Tinta;124
89705833;3;https://www.sodimac.com.br/sodimac-br/category/cat170785/Tintas-de-Interior?sScenario=BRD_Tinta&sTerm=Tinta;114
88548292;3;https://www.sodimac.com.br/sodimac-br/category/cat170785/Tintas-de-Interior?sScenario=BRD_Tinta&sTerm=Tinta;178
89705693;3;https://www.sodimac.com.br/sodimac-br/category/cat170785/Tintas-de-Interior?sScenario=BRD_Tinta&sTerm=Tinta;109
90372723;3;https://www.sodimac.com.br/sodimac-br/category/cat170785/Tintas-de-Interior?sScenario=BRD_Tinta&sTerm=Tinta;400
87243051;3;https://www.sodimac.com.br/sodimac-br/category/cat170785/Tintas-de-Interior?sScenario=BRD_Tinta&sTerm=Tinta;225
85179143;3;https://www.sodimac.com.br/sodimac-br/category/cat170785/Tintas-de-Interior?sScenario=BRD_Tinta&sTerm=Tinta;45
87254601;3;https://www.sodimac.com.br/sodimac-br/category/cat170785/Tintas-de-Interior?sScenario=BRD_Tinta&sTerm=Tinta;136
86894255;3;https://www.sodimac.com.br/sodimac-br/category/cat170785/Tintas-de-Interior?sScenario=BRD_Tinta&sTerm=Tinta;70
88541446;3;https://www.sodimac.com.br/sodimac-br/category/cat170785/Tintas-de-Interior?sScenario=BRD_Tinta&sTerm=Tinta;48
87106250;3;https://www.sodimac.com.br/sodimac-br/category/cat170785/Tintas-de-Interior?sScenario=BRD_Tinta&sTerm=Tinta;38
88543623;3;https://www.sodimac.com.br/sodimac-br/category/cat170785/Tintas-de-Interior?sScenario=BRD_Tinta&sTerm=Tinta;43
89706043;3;https://www.sodimac.com.br/sodimac-br/category/cat170785/Tintas-de-Interior?sScenario=BRD_Tinta&sTerm=Tinta;484
85430982;3;https://www.sodimac.com.br/sodimac-br/category/cat170785/Tintas-de-Interior?sScenario=BRD_Tinta&sTerm=Tinta;344
85184820;3;https://www.sodimac.com.br/sodimac-br/category/cat170785/Tintas-de-Interior?sScenario=BRD_Tinta&sTerm=Tinta;473
86881816;3;https://www.sodimac.com.br/sodimac-br/category/cat170785/Tintas-de-Interior?sScenario=BRD_Tinta&sTerm=Tinta;243
90570431;3;https://www.sodimac.com.br/sodimac-br/category/cat170785/Tintas-de-Interior?sScenario=BRD_Tinta&sTerm=Tinta;78
90570424;3;https://www.sodimac.com.br/sodimac-br/category/cat170785/Tintas-de-Interior?sScenario=BRD_Tinta&sTerm=Tinta;30
90372765;3;https://www.sodimac.com.br/sodimac-br/category/cat170785/Tintas-de-Interior?sScenario=BRD_Tinta&sTerm=Tinta;150
87085621;3;https://www.sodimac.com.br/sodimac-br/category/cat170785/Tintas-de-Interior?sScenario=BRD_Tinta&sTerm=Tinta;86
89705826;3;https://www.sodimac.com.br/sodimac-br/category/cat170785/Tintas-de-Interior?sScenario=BRD_Tinta&sTerm=Tinta;371
87224333;3;https://www.sodimac.com.br/sodimac-br/category/cat170785/Tintas-de-Interior?sScenario=BRD_Tinta&sTerm=Tinta;113
88568662;3;https://www.sodimac.com.br/sodimac-br/category/cat170785/Tintas-de-Interior?sScenario=BRD_Tinta&sTerm=Tinta;53
89705994;3;https://www.sodimac.com.br/sodimac-br/category/cat170785/Tintas-de-Interior?sScenario=BRD_Tinta&sTerm=Tinta;123
87660440;3;https://www.sodimac.com.br/sodimac-br/category/cat170785/Tintas-de-Interior?sScenario=BRD_Tinta&sTerm=Tinta;469
87107853;3;https://www.sodimac.com.br/sodimac-br/category/cat170785/Tintas-de-Interior?sScenario=BRD_Tinta&sTerm=Tinta;420
87085320;3;https://www.sodimac.com.br/sodimac-br/category/cat170785/Tintas-de-Interior?sScenario=BRD_Tinta&sTerm=Tinta;354
87949414;3;https://www.sodimac.com.br/sodimac-br/category/cat170785/Tintas-de-Interior?sScenario=BRD_Tinta&sTerm=Tinta;344
90319180;3;https://www.sodimac.com.br/sodimac-br/category/cat170785/Tintas-de-Interior?sScenario=BRD_Tinta&sTerm=Tinta;129
89705805;3;https://www.sodimac.com.br/sodimac-br/category/cat170785/Tintas-de-Interior?sScenario=BRD_Tinta&sTerm=Tinta;409
89705945;3;https://www.sodimac.com.br/sodimac-br/category/cat170785/Tintas-de-Interior?sScenario=BRD_Tinta&sTerm=Tinta;470
87653055;3;https://www.sodimac.com.br/sodimac-br/category/cat170785/Tintas-de-Interior?sScenario=BRD_Tinta&sTerm=Tinta;246
90396012;3;https://www.sodimac.com.br/sodimac-br/category/cat170785/Tintas-de-Interior?sScenario=BRD_Tinta&sTerm=Tinta;365
89705616;3;https://www.sodimac.com.br/sodimac-br/category/cat170785/Tintas-de-Interior?sScenario=BRD_Tinta&sTerm=Tinta;111
89705882;3;https://www.sodimac.com.br/sodimac-br/category/cat170785/Tintas-de-Interior?sScenario=BRD_Tinta&sTerm=Tinta;393
90395424;3;https://www.sodimac.com.br/sodimac-br/category/cat170785/Tintas-de-Interior?sScenario=BRD_Tinta&sTerm=Tinta;138
89732825;3;https://www.sodimac.com.br/sodimac-br/category/cat170785/Tintas-de-Interior?sScenario=BRD_Tinta&sTerm=Tinta;120
89339222;3;https://www.sodimac.com.br/sodimac-br/category/cat170785/Tintas-de-Interior?sScenario=BRD_Tinta&sTerm=Tinta;118
87106236;3;https://www.sodimac.com.br/sodimac-br/category/cat170785/Tintas-de-Interior?sScenario=BRD_Tinta&sTerm=Tinta;40
89336996;3;https://www.sodimac.com.br/sodimac-br/category/cat170785/Tintas-de-Interior?sScenario=BRD_Tinta&sTerm=Tinta;332
88054330;3;https://www.sodimac.com.br/sodimac-br/category/cat170785/Tintas-de-Interior?sScenario=BRD_Tinta&sTerm=Tinta;385
85052464;3;https://www.sodimac.com.br/sodimac-br/category/cat170785/Tintas-de-Interior?sScenario=BRD_Tinta&sTerm=Tinta;76
90395466;3;https://www.sodimac.com.br/sodimac-br/category/cat170785/Tintas-de-Interior?sScenario=BRD_Tinta&sTerm=Tinta;160
87247531;3;https://www.sodimac.com.br/sodimac-br/category/cat170785/Tintas-de-Interior?sScenario=BRD_Tinta&sTerm=Tinta;88
89732951;3;https://www.sodimac.com.br/sodimac-br/category/cat170785/Tintas-de-Interior?sScenario=BRD_Tinta&sTerm=Tinta;444
89058046;3;https://www.sodimac.com.br/sodimac-br/category/cat170785/Tintas-de-Interior?sScenario=BRD_Tinta&sTerm=Tinta;439
87085411;3;https://www.sodimac.com.br/sodimac-br/category/cat170785/Tintas-de-Interior?sScenario=BRD_Tinta&sTerm=Tinta;86
89749765;3;https://www.sodimac.com.br/sodimac-br/category/cat170785/Tintas-de-Interior?sScenario=BRD_Tinta&sTerm=Tinta;116
87109176;3;https://www.sodimac.com.br/sodimac-br/category/cat170785/Tintas-de-Interior?sScenario=BRD_Tinta&sTerm=Tinta;118
89705672;3;https://www.sodimac.com.br/sodimac-br/category/cat170785/Tintas-de-Interior?sScenario=BRD_Tinta&sTerm=Tinta;101
85052632;3;https://www.sodimac.com.br/sodimac-br/category/cat170785/Tintas-de-Interior?sScenario=BRD_Tinta&sTerm=Tinta;241
89705980;3;https://www.sodimac.com.br/sodimac-br/category/cat170785/Tintas-de-Interior?sScenario=BRD_Tinta&sTerm=Tinta;446
87639993;3;https://www.sodimac.com.br/sodimac-br/category/cat170785/Tintas-de-Interior?sScenario=BRD_Tinta&sTerm=Tinta;367
90372751;3;https://www.sodimac.com.br/sodimac-br/category/cat170785/Tintas-de-Interior?sScenario=BRD_Tinta&sTerm=Tinta;113
88543630;3;https://www.sodimac.com.br/sodimac-br/category/cat170785/Tintas-de-Interior?sScenario=BRD_Tinta&sTerm=Tinta;43
87797311;3;https://www.sodimac.com.br/sodimac-br/category/cat170785/Tintas-de-Interior?sScenario=BRD_Tinta&sTerm=Tinta;317
90372786;3;https://www.sodimac.com.br/sodimac-br/category/cat170785/Tintas-de-Interior?sScenario=BRD_Tinta&sTerm=Tinta;99
88543616;3;https://www.sodimac.com.br/sodimac-br/category/cat170785/Tintas-de-Interior?sScenario=BRD_Tinta&sTerm=Tinta;49
85431325;3;https://www.sodimac.com.br/sodimac-br/category/cat170785/Tintas-de-Interior?sScenario=BRD_Tinta&sTerm=Tinta;86
86894262;3;https://www.sodimac.com.br/sodimac-br/category/cat170785/Tintas-de-Interior?sScenario=BRD_Tinta&sTerm=Tinta;64
87247433;3;https://www.sodimac.com.br/sodimac-br/category/cat170785/Tintas-de-Interior?sScenario=BRD_Tinta&sTerm=Tinta;325
87738056;3;https://www.sodimac.com.br/sodimac-br/category/cat170785/Tintas-de-Interior?sScenario=BRD_Tinta&sTerm=Tinta;140
87253691;3;https://www.sodimac.com.br/sodimac-br/category/cat170785/Tintas-de-Interior?sScenario=BRD_Tinta&sTerm=Tinta;342
89705854;3;https://www.sodimac.com.br/sodimac-br/category/cat170785/Tintas-de-Interior?sScenario=BRD_Tinta&sTerm=Tinta;112
89705770;3;https://www.sodimac.com.br/sodimac-br/category/cat170785/Tintas-de-Interior?sScenario=BRD_Tinta&sTerm=Tinta;96
88207623;3;https://www.sodimac.com.br/sodimac-br/category/cat170785/Tintas-de-Interior?sScenario=BRD_Tinta&sTerm=Tinta;515
88543651;3;https://www.sodimac.com.br/sodimac-br/category/cat170785/Tintas-de-Interior?sScenario=BRD_Tinta&sTerm=Tinta;47
90570536;3;https://www.sodimac.com.br/sodimac-br/category/cat170785/Tintas-de-Interior?sScenario=BRD_Tinta&sTerm=Tinta;315
85430513;3;https://www.sodimac.com.br/sodimac-br/category/cat170785/Tintas-de-Interior?sScenario=BRD_Tinta&sTerm=Tinta;107
86881683;3;https://www.sodimac.com.br/sodimac-br/category/cat170785/Tintas-de-Interior?sScenario=BRD_Tinta&sTerm=Tinta;206
89705602;3;https://www.sodimac.com.br/sodimac-br/category/cat170785/Tintas-de-Interior?sScenario=BRD_Tinta&sTerm=Tinta;387
87296783;3;https://www.sodimac.com.br/sodimac-br/category/cat170785/Tintas-de-Interior?sScenario=BRD_Tinta&sTerm=Tinta;101
87088386;3;https://www.sodimac.com.br/sodimac-br/category/cat170785/Tintas-de-Interior?sScenario=BRD_Tinta&sTerm=Tinta;129
87296762;3;https://www.sodimac.com.br/sodimac-br/category/cat170785/Tintas-de-Interior?sScenario=BRD_Tinta&sTerm=Tinta;108
90372730;3;https://www.sodimac.com.br/sodimac-br/category/cat170785/Tintas-de-Interior?sScenario=BRD_Tinta&sTerm=Tinta;358
89669650;3;https://www.sodimac.com.br/sodimac-br/category/cat170785/Tintas-de-Interior?sScenario=BRD_Tinta&sTerm=Tinta;480
87088022;3;https://www.sodimac.com.br/sodimac-br/category/cat170785/Tintas-de-Interior?sScenario=BRD_Tinta&sTerm=Tinta;474
90372772;3;https://www.sodimac.com.br/sodimac-br/category/cat170785/Tintas-de-Interior?sScenario=BRD_Tinta&sTerm=Tinta;164
88568480;3;https://www.sodimac.com.br/sodimac-br/category/cat170785/Tintas-de-Interior?sScenario=BRD_Tinta&sTerm=Tinta;49
89705735;3;https://www.sodimac.com.br/sodimac-br/category/cat170785/Tintas-de-Interior?sScenario=BRD_Tinta&sTerm=Tinta;112
89705721;3;https://www.sodimac.com.br/sodimac-br/category/cat170785/Tintas-de-Interior?sScenario=BRD_Tinta&sTerm=Tinta;365
87247412;3;https://www.sodimac.com.br/sodimac-br/category/cat170785/Tintas-de-Interior?sScenario=BRD_Tinta&sTerm=Tinta;316
85185814;3;https://www.sodimac.com.br/sodimac-br/category/cat170785/Tintas-de-Interior?sScenario=BRD_Tinta&sTerm=Tinta;94
89705665;3;https://www.sodimac.com.br/sodimac-br/category/cat170785/Tintas-de-Interior?sScenario=BRD_Tinta&sTerm=Tinta;418
86378460;3;https://www.sodimac.com.br/sodimac-br/category/cat170785/Tintas-de-Interior?sScenario=BRD_Tinta&sTerm=Tinta;121
87085691;3;https://www.sodimac.com.br/sodimac-br/category/cat170785/Tintas-de-Interior?sScenario=BRD_Tinta&sTerm=Tinta;84
88543644;4;https://www.telhanorte.com.br/tintas/tintas-e-corantes/tinta-acrilica;51
85430422;4;https://www.telhanorte.com.br/tintas/tintas-e-corantes/tinta-acrilica;117
89705952;4;https://www.telhanorte.com.br/tintas/tintas-e-corantes/tinta-acrilica;132
87247503;4;https://www.telhanorte.com.br/tintas/tintas-e-corantes/tinta-acrilica;87
87465805;4;https://www.telhanorte.com.br/tintas/tintas-e-corantes/tinta-acrilica;76
88548320;4;https://www.telhanorte.com.br/tintas/tintas-e-corantes/tinta-acrilica;168
87465924;4;https://www.telhanorte.com.br/tintas/tintas-e-corantes/tinta-acrilica;217
85794562;4;https://www.telhanorte.com.br/tintas/tintas-e-corantes/tinta-acrilica;140
85186325;4;https://www.telhanorte.com.br/tintas/tintas-e-corantes/tinta-acrilica;324
89705875;4;https://www.telhanorte.com.br/tintas/tintas-e-corantes/tinta-acrilica;123
88548355;4;https://www.telhanorte.com.br/tintas/tintas-e-corantes/tinta-acrilica;149
90372716;4;https://www.telhanorte.com.br/tintas/tintas-e-corantes/tinta-acrilica;427
88543686;4;https://www.telhanorte.com.br/tintas/tintas-e-corantes/tinta-acrilica;50
85184253;4;https://www.telhanorte.com.br/tintas/tintas-e-corantes/tinta-acrilica;133
86881676;4;https://www.telhanorte.com.br/tintas/tintas-e-corantes/tinta-acrilica;264
87738595;4;https://www.telhanorte.com.br/tintas/tintas-e-corantes/tinta-acrilica;106
89732944;4;https://www.telhanorte.com.br/tintas/tintas-e-corantes/tinta-acrilica;128
90395746;4;https://www.telhanorte.com.br/tintas/tintas-e-corantes/tinta-acrilica;97
90372702;4;https://www.telhanorte.com.br/tintas/tintas-e-corantes/tinta-acrilica;398
86881704;4;https://www.telhanorte.com.br/tintas/tintas-e-corantes/tinta-acrilica;235
85430730;4;https://www.telhanorte.com.br/tintas/tintas-e-corantes/tinta-acrilica;292
88568942;4;https://www.telhanorte.com.br/tintas/tintas-e-corantes/tinta-acrilica;18
89705896;4;https://www.telhanorte.com.br/tintas/tintas-e-corantes/tinta-acrilica;125
87173016;4;https://www.telhanorte.com.br/tintas/tintas-e-corantes/tinta-acrilica;119
85438913;4;https://www.telhanorte.com.br/tintas/tintas-e-corantes/tinta-acrilica;379
90319194;4;https://www.telhanorte.com.br/tintas/tintas-e-corantes/tinta-acrilica;452
89705714;4;https://www.telhanorte.com.br/tintas/tintas-e-corantes/tinta-acrilica;112
87253782;4;https://www.telhanorte.com.br/tintas/tintas-e-corantes/tinta-acrilica;339
90319173;4;https://www.telhanorte.com.br/tintas/tintas-e-corantes/tinta-acrilica;454
87247482;4;https://www.telhanorte.com.br/tintas/tintas-e-corantes/tinta-acrilica;91
90319236;4;https://www.telhanorte.com.br/tintas/tintas-e-corantes/tinta-acrilica;41
89706064;4;https://www.telhanorte.com.br/tintas/tintas-e-corantes/tinta-acrilica;497
90319215;4;https://www.telhanorte.com.br/tintas/tintas-e-corantes/tinta-acrilica;492
87243100;4;https://www.telhanorte.com.br/tintas/tintas-e-corantes/tinta-acrilica;70
87949624;4;https://www.telhanorte.com.br/tintas/tintas-e-corantes/tinta-acrilica;398
85185142;4;https://www.telhanorte.com.br/tintas/tintas-e-corantes/tinta-acrilica;443
87254573;4;https://www.telhanorte.com.br/tintas/tintas-e-corantes/tinta-acrilica;110
87352370;4;https://www.telhanorte.com.br/tintas/tintas-e-corantes/tinta-acrilica;418
87247391;4;https://www.telhanorte.com.br/tintas/tintas-e-corantes/tinta-acrilica;318
89732895;4;https://www.telhanorte.com.br/tintas/tintas-e-corantes/tinta-acrilica;447
88541425;4;https://www.telhanorte.com.br/tintas/tintas-e-corantes/tinta-acrilica;47
88541355;4;https://www.telhanorte.com.br/tintas/tintas-e-corantes/tinta-acrilica;46
89749870;4;https://www.telhanorte.com.br/tintas/tintas-e-corantes/tinta-acrilica;335
87738245;4;https://www.telhanorte.com.br/tintas/tintas-e-corantes/tinta-acrilica;387
90319285;4;https://www.telhanorte.com.br/tintas/tintas-e-corantes/tinta-acrilica;438
87085705;4;https://www.telhanorte.com.br/tintas/tintas-e-corantes/tinta-acrilica;90
87949652;4;https://www.telhanorte.com.br/tintas/tintas-e-corantes/tinta-acrilica;396
87224256;4;https://www.telhanorte.com.br/tintas/tintas-e-corantes/tinta-acrilica;97
87640000;4;https://www.telhanorte.com.br/tintas/tintas-e-corantes/tinta-acrilica;90
87660454;4;https://www.telhanorte.com.br/tintas/tintas-e-corantes/tinta-acrilica;110
87640035;4;https://www.telhanorte.com.br/tintas/tintas-e-corantes/tinta-acrilica;331
85438045;4;https://www.telhanorte.com.br/tintas/tintas-e-corantes/tinta-acrilica;115
87109071;4;https://www.telhanorte.com.br/tintas/tintas-e-corantes/tinta-acrilica;104
89706015;4;https://www.telhanorte.com.br/tintas/tintas-e-corantes/tinta-acrilica;135
89706036;4;https://www.telhanorte.com.br/tintas/tintas-e-corantes/tinta-acrilica;119
89705644;4;https://www.telhanorte.com.br/tintas/tintas-e-corantes/tinta-acrilica;338
87106180;4;https://www.telhanorte.com.br/tintas/tintas-e-corantes/tinta-acrilica;44
86511586;4;https://www.telhanorte.com.br/tintas/tintas-e-corantes/tinta-acrilica;295
86894290;4;https://www.telhanorte.com.br/tintas/tintas-e-corantes/tinta-acrilica;80
87106740;4;https://www.telhanorte.com.br/tintas/tintas-e-corantes/tinta-acrilica;34
87949162;4;https://www.telhanorte.com.br/tintas/tintas-e-corantes/tinta-acrilica;115
87949722;4;https://www.telhanorte.com.br/tintas/tintas-e-corantes/tinta-acrilica;138
89705756;4;https://www.telhanorte.com.br/tintas/tintas-e-corantes/tinta-acrilica;114
88543693;4;https://www.telhanorte.com.br/tintas/tintas-e-corantes/tinta-acrilica;43
87088064;4;https://www.telhanorte.com.br/tintas/tintas-e-corantes/tinta-acrilica;385
89705812;4;https://www.telhanorte.com.br/tintas/tintas-e-corantes/tinta-acrilica;110
88568872;4;https://www.telhanorte.com.br/tintas/tintas-e-corantes/tinta-acrilica;22
89732846;4;https://www.telhanorte.com.br/tintas/tintas-e-corantes/tinta-acrilica;444
86378936;4;https://www.telhanorte.com.br/tintas/tintas-e-corantes/tinta-acrilica;404
88568655;4;https://www.telhanorte.com.br/tintas/tintas-e-corantes/tinta-acrilica;53
88541453;4;https://www.telhanorte.com.br/tintas/tintas-e-corantes/tinta-acrilica;50
88548341;4;https://www.telhanorte.com.br/tintas/tintas-e-corantes/tinta-acrilica;150
89705651;4;https://www.telhanorte.com.br/tintas/tintas-e-corantes/tinta-acrilica;122
87296741;4;https://www.telhanorte.com.br/tintas/tintas-e-corantes/tinta-acrilica;110
86881711;4;https://www.telhanorte.com.br/tintas/tintas-e-corantes/tinta-acrilica;227
89058081;4;https://www.telhanorte.com.br/tintas/tintas-e-corantes/tinta-acrilica;114
89705833;4;https://www.telhanorte.com.br/tintas/tintas-e-corantes/tinta-acrilica;111
88548292;4;https://www.telhanorte.com.br/tintas/tintas-e-corantes/tinta-acrilica;152
89705693;4;https://www.telhanorte.com.br/tintas/tintas-e-corantes/tinta-acrilica;113
90372723;4;https://www.telhanorte.com.br/tintas/tintas-e-corantes/tinta-acrilica;440
87243051;4;https://www.telhanorte.com.br/tintas/tintas-e-corantes/tinta-acrilica;237
85179143;4;https://www.telhanorte.com.br/tintas/tintas-e-corantes/tinta-acrilica;46
87254601;4;https://www.telhanorte.com.br/tintas/tintas-e-corantes/tinta-acrilica;118
86894255;4;https://www.telhanorte.com.br/tintas/tintas-e-corantes/tinta-acrilica;70
88541446;4;https://www.telhanorte.com.br/tintas/tintas-e-corantes/tinta-acrilica;44
87106250;4;https://www.telhanorte.com.br/tintas/tintas-e-corantes/tinta-acrilica;44
88543623;4;https://www.telhanorte.com.br/tintas/tintas-e-corantes/tinta-acrilica;48
89706043;4;https://www.telhanorte.com.br/tintas/tintas-e-corantes/tinta-acrilica;438
85430982;4;https://www.telhanorte.com.br/tintas/tintas-e-corantes/tinta-acrilica;343
85184820;4;https://www.telhanorte.com.br/tintas/tintas-e-corantes/tinta-acrilica;397
86881816;4;https://www.telhanorte.com.br/tintas/tintas-e-corantes/tinta-acrilica;258
90570431;4;https://www.telhanorte.com.br/tintas/tintas-e-corantes/tinta-acrilica;91
90570424;4;https://www.telhanorte.com.br/tintas/tintas-e-corantes/tinta-acrilica;28
90372765;4;https://www.telhanorte.com.br/tintas/tintas-e-corantes/tinta-acrilica;158
87085621;4;https://www.telhanorte.com.br/tintas/tintas-e-corantes/tinta-acrilica;86
89705826;4;https://www.telhanorte.com.br/tintas/tintas-e-corantes/tinta-acrilica;381
87224333;4;https://www.telhanorte.com.br/tintas/tintas-e-corantes/tinta-acrilica;109
88568662;4;https://www.telhanorte.com.br/tintas/tintas-e-corantes/tinta-acrilica;55
89705994;4;https://www.telhanorte.com.br/tintas/tintas-e-corantes/tinta-acrilica;113
87660440;4;https://www.telhanorte.com.br/tintas/tintas-e-corantes/tinta-acrilica;449
87107853;4;https://www.telhanorte.com.br/tintas/tintas-e-corantes/tinta-acrilica;403
87085320;4;https://www.telhanorte.com.br/tintas/tintas-e-corantes/tinta-acrilica;320
87949414;4;https://www.telhanorte.com.br/tintas/tintas-e-corantes/tinta-acrilica;292
90319180;4;https://www.telhanorte.com.br/tintas/tintas-e-corantes/tinta-acrilica;152
89705805;4;https://www.telhanorte.com.br/tintas/tintas-e-corantes/tinta-acrilica;363
89705945;4;https://www.telhanorte.com.br/tintas/tintas-e-corantes/tinta-acrilica;469
87653055;4;https://www.telhanorte.com.br/tintas/tintas-e-corantes/tinta-acrilica;236
90396012;4;https://www.telhanorte.com.br/tintas/tintas-e-corantes/tinta-acrilica;352
89705616;4;https://www.telhanorte.com.br/tintas/tintas-e-corantes/tinta-acrilica;118
89705882;4;https://www.telhanorte.com.br/tintas/tintas-e-corantes/tinta-acrilica;339
90395424;4;https://www.telhanorte.com.br/tintas/tintas-e-corantes/tinta-acrilica;156
89732825;4;https://www.telhanorte.com.br/tintas/tintas-e-corantes/tinta-acrilica;118
89339222;4;https://www.telhanorte.com.br/tintas/tintas-e-corantes/tinta-acrilica;119
87106236;4;https://www.telhanorte.com.br/tintas/tintas-e-corantes/tinta-acrilica;37
89336996;4;https://www.telhanorte.com.br/tintas/tintas-e-corantes/tinta-acrilica;384
88054330;4;https://www.telhanorte.com.br/tintas/tintas-e-corantes/tinta-acrilica;379
85052464;4;https://www.telhanorte.com.br/tintas/tintas-e-corantes/tinta-acrilica;76
90395466;4;https://www.telhanorte.com.br/tintas/tintas-e-corantes/tinta-acrilica;135
87247531;4;https://www.telhanorte.com.br/tintas/tintas-e-corantes/tinta-acrilica;97
89732951;4;https://www.telhanorte.com.br/tintas/tintas-e-corantes/tinta-acrilica;456
89058046;4;https://www.telhanorte.com.br/tintas/tintas-e-corantes/tinta-acrilica;434
87085411;4;https://www.telhanorte.com.br/tintas/tintas-e-corantes/tinta-acrilica;84
89749765;4;https://www.telhanorte.com.br/tintas/tintas-e-corantes/tinta-acrilica;105
87109176;4;https://www.telhanorte.com.br/tintas/tintas-e-corantes/tinta-acrilica;109
89705672;4;https://www.telhanorte.com.br/tintas/tintas-e-corantes/tinta-acrilica;111
85052632;4;https://www.telhanorte.com.br/tintas/tintas-e-corantes/tinta-acrilica;244
89705980;4;https://www.telhanorte.com.br/tintas/tintas-e-corantes/tinta-acrilica;488
87639993;4;https://www.telhanorte.com.br/tintas/tintas-e-corantes/tinta-acrilica;362
90372751;4;https://www.telhanorte.com.br/tintas/tintas-e-corantes/tinta-acrilica;116
88543630;4;https://www.telhanorte.com.br/tintas/tintas-e-corantes/tinta-acrilica;51
87797311;4;https://www.telhanorte.com.br/tintas/tintas-e-corantes/tinta-acrilica;307
90372786;4;https://www.telhanorte.com.br/tintas/tintas-e-corantes/tinta-acrilica;115
88543616;4;https://www.telhanorte.com.br/tintas/tintas-e-corantes/tinta-acrilica;45
85431325;4;https://www.telhanorte.com.br/tintas/tintas-e-corantes/tinta-acrilica;100
86894262;4;https://www.telhanorte.com.br/tintas/tintas-e-corantes/tinta-acrilica;65
87247433;4;https://www.telhanorte.com.br/tintas/tintas-e-corantes/tinta-acrilica;323
87738056;4;https://www.telhanorte.com.br/tintas/tintas-e-corantes/tinta-acrilica;141
87253691;4;https://www.telhanorte.com.br/tintas/tintas-e-corantes/tinta-acrilica;364
89705854;4;https://www.telhanorte.com.br/tintas/tintas-e-corantes/tinta-acrilica;101
89705770;4;https://www.telhanorte.com.br/tintas/tintas-e-corantes/tinta-acrilica;99
88207623;4;https://www.telhanorte.com.br/tintas/tintas-e-corantes/tinta-acrilica;438
88543651;4;https://www.telhanorte.com.br/tintas/tintas-e-corantes/tinta-acrilica;44
90570536;4;https://www.telhanorte.com.br/tintas/tintas-e-corantes/tinta-acrilica;310
85430513;4;https://www.telhanorte.com.br/tintas/tintas-e-corantes/tinta-acrilica;116
86881683;4;https://www.telhanorte.com.br/tintas/tintas-e-corantes/tinta-acrilica;213
89705602;4;https://www.telhanorte.com.br/tintas/tintas-e-corantes/tinta-acrilica;422
87296783;4;https://www.telhanorte.com.br/tintas/tintas-e-corantes/tinta-acrilica;102
87088386;4;https://www.telhanorte.com.br/tintas/tintas-e-corantes/tinta-acrilica;125
87296762;4;https://www.telhanorte.com.br/tintas/tintas-e-corantes/tinta-acrilica;113
90372730;4;https://www.telhanorte.com.br/tintas/tintas-e-corantes/tinta-acrilica;394
89669650;4;https://www.telhanorte.com.br/tintas/tintas-e-corantes/tinta-acrilica;487
87088022;4;https://www.telhanorte.com.br/tintas/tintas-e-corantes/tinta-acrilica;429
90372772;4;https://www.telhanorte.com.br/tintas/tintas-e-corantes/tinta-acrilica;179
88568480;4;https://www.telhanorte.com.br/tintas/tintas-e-corantes/tinta-acrilica;50
89705735;4;https://www.telhanorte.com.br/tintas/tintas-e-corantes/tinta-acrilica;100
89705721;4;https://www.telhanorte.com.br/tintas/tintas-e-corantes/tinta-acrilica;423
87247412;4;https://www.telhanorte.com.br/tintas/tintas-e-corantes/tinta-acrilica;324
85185814;4;https://www.telhanorte.com.br/tintas/tintas-e-corantes/tinta-acrilica;100
89705665;4;https://www.telhanorte.com.br/tintas/tintas-e-corantes/tinta-acrilica;411
86378460;4;https://www.telhanorte.com.br/tintas/tintas-e-corantes/tinta-acrilica;142
87085691;4;https://www.telhanorte.com.br/tintas/tintas-e-corantes/tinta-acrilica;80
88543644;5;https://www.copafer.com.br/tintas-e-acessorios/tintas;46
85430422;5;https://www.copafer.com.br/tintas-e-acessorios/tintas;113
89705952;5;https://www.copafer.com.br/tintas-e-acessorios/tintas;121
87247503;5;https://www.copafer.com.br/tintas-e-acessorios/tintas;90
87465805;5;https://www.copafer.com.br/tintas-e-acessorios/tintas;75
88548320;5;https://www.copafer.com.br/tintas-e-acessorios/tintas;152
87465924;5;https://www.copafer.com.br/tintas-e-acessorios/tintas;257
85794562;5;https://www.copafer.com.br/tintas-e-acessorios/tintas;159
85186325;5;https://www.copafer.com.br/tintas-e-acessorios/tintas;299
89705875;5;https://www.copafer.com.br/tintas-e-acessorios/tintas;122
88548355;5;https://www.copafer.com.br/tintas-e-acessorios/tintas;151
90372716;5;https://www.copafer.com.br/tintas-e-acessorios/tintas;381
88543686;5;https://www.copafer.com.br/tintas-e-acessorios/tintas;43
85184253;5;https://www.copafer.com.br/tintas-e-acessorios/tintas;121
86881676;5;https://www.copafer.com.br/tintas-e-acessorios/tintas;262
87738595;5;https://www.copafer.com.br/tintas-e-acessorios/tintas;105
89732944;5;https://www.copafer.com.br/tintas-e-acessorios/tintas;143
90395746;5;https://www.copafer.com.br/tintas-e-acessorios/tintas;99
90372702;5;https://www.copafer.com.br/tintas-e-acessorios/tintas;423
86881704;5;https://www.copafer.com.br/tintas-e-acessorios/tintas;243
85430730;5;https://www.copafer.com.br/tintas-e-acessorios/tintas;288
88568942;5;https://www.copafer.com.br/tintas-e-acessorios/tintas;21
89705896;5;https://www.copafer.com.br/tintas-e-acessorios/tintas;110
87173016;5;https://www.copafer.com.br/tintas-e-acessorios/tintas;131
85438913;5;https://www.copafer.com.br/tintas-e-acessorios/tintas;360
90319194;5;https://www.copafer.com.br/tintas-e-acessorios/tintas;427
89705714;5;https://www.copafer.com.br/tintas-e-acessorios/tintas;107
87253782;5;https://www.copafer.com.br/tintas-e-acessorios/tintas;317
90319173;5;https://www.copafer.com.br/tintas-e-acessorios/tintas;455
87247482;5;https://www.copafer.com.br/tintas-e-acessorios/tintas;93
90319236;5;https://www.copafer.com.br/tintas-e-acessorios/tintas;47
89706064;5;https://www.copafer.com.br/tintas-e-acessorios/tintas;446
90319215;5;https://www.copafer.com.br/tintas-e-acessorios/tintas;432
87243100;5;https://www.copafer.com.br/tintas-e-acessorios/tintas;65
87949624;5;https://www.copafer.com.br/tintas-e-acessorios/tintas;401
85185142;5;https://www.copafer.com.br/tintas-e-acessorios/tintas;468
87254573;5;https://www.copafer.com.br/tintas-e-acessorios/tintas;121
87352370;5;https://www.copafer.com.br/tintas-e-acessorios/tintas;407
87247391;5;https://www.copafer.com.br/tintas-e-acessorios/tintas;311
89732895;5;https://www.copafer.com.br/tintas-e-acessorios/tintas;418
88541425;5;https://www.copafer.com.br/tintas-e-acessorios/tintas;47
88541355;5;https://www.copafer.com.br/tintas-e-acessorios/tintas;44
89749870;5;https://www.copafer.com.br/tintas-e-acessorios/tintas;380
87738245;5;https://www.copafer.com.br/tintas-e-acessorios/tintas;326
90319285;5;https://www.copafer.com.br/tintas-e-acessorios/tintas;501
87085705;5;https://www.copafer.com.br/tintas-e-acessorios/tintas;101
87949652;5;https://www.copafer.com.br/tintas-e-acessorios/tintas;369
87224256;5;https://www.copafer.com.br/tintas-e-acessorios/tintas;100
87640000;5;https://www.copafer.com.br/tintas-e-acessorios/tintas;86
87660454;5;https://www.copafer.com.br/tintas-e-acessorios/tintas;131
87640035;5;https://www.copafer.com.br/tintas-e-acessorios/tintas;302
85438045;5;https://www.copafer.com.br/tintas-e-acessorios/tintas;117
87109071;5;https://www.copafer.com.br/tintas-e-acessorios/tintas;100
89706015;5;https://www.copafer.com.br/tintas-e-acessorios/tintas;125
89706036;5;https://www.copafer.com.br/tintas-e-acessorios/tintas;120
89705644;5;https://www.copafer.com.br/tintas-e-acessorios/tintas;396
87106180;5;https://www.copafer.com.br/tintas-e-acessorios/tintas;45
86511586;5;https://www.copafer.com.br/tintas-e-acessorios/tintas;351
86894290;5;https://www.copafer.com.br/tintas-e-acessorios/tintas;69
87106740;5;https://www.copafer.com.br/tintas-e-acessorios/tintas;39
87949162;5;https://www.copafer.com.br/tintas-e-acessorios/tintas;103
87949722;5;https://www.copafer.com.br/tintas-e-acessorios/tintas;140
89705756;5;https://www.copafer.com.br/tintas-e-acessorios/tintas;105
88543693;5;https://www.copafer.com.br/tintas-e-acessorios/tintas;44
87088064;5;https://www.copafer.com.br/tintas-e-acessorios/tintas;388
89705812;5;https://www.copafer.com.br/tintas-e-acessorios/tintas;119
88568872;5;https://www.copafer.com.br/tintas-e-acessorios/tintas;18
89732846;5;https://www.copafer.com.br/tintas-e-acessorios/tintas;469
86378936;5;https://www.copafer.com.br/tintas-e-acessorios/tintas;434
88568655;5;https://www.copafer.com.br/tintas-e-acessorios/tintas;57
88541453;5;https://www.copafer.com.br/tintas-e-acessorios/tintas;48
88548341;5;https://www.copafer.com.br/tintas-e-acessorios/tintas;148
89705651;5;https://www.copafer.com.br/tintas-e-acessorios/tintas;114
87296741;5;https://www.copafer.com.br/tintas-e-acessorios/tintas;119
86881711;5;https://www.copafer.com.br/tintas-e-acessorios/tintas;210
89058081;5;https://www.copafer.com.br/tintas-e-acessorios/tintas;134
89705833;5;https://www.copafer.com.br/tintas-e-acessorios/tintas;118
88548292;5;https://www.copafer.com.br/tintas-e-acessorios/tintas;172
89705693;5;https://www.copafer.com.br/tintas-e-acessorios/tintas;105
90372723;5;https://www.copafer.com.br/tintas-e-acessorios/tintas;409
87243051;5;https://www.copafer.com.br/tintas-e-acessorios/tintas;218
85179143;5;https://www.copafer.com.br/tintas-e-acessorios/tintas;44
87254601;5;https://www.copafer.com.br/tintas-e-acessorios/tintas;138
86894255;5;https://www.copafer.com.br/tintas-e-acessorios/tintas;74
88541446;5;https://www.copafer.com.br/tintas-e-acessorios/tintas;44
87106250;5;https://www.copafer.com.br/tintas-e-acessorios/tintas;40
88543623;5;https://www.copafer.com.br/tintas-e-acessorios/tintas;43
89706043;5;https://www.copafer.com.br/tintas-e-acessorios/tintas;443
85430982;5;https://www.copafer.com.br/tintas-e-acessorios/tintas;289
85184820;5;https://www.copafer.com.br/tintas-e-acessorios/tintas;438
86881816;5;https://www.copafer.com.br/tintas-e-acessorios/tintas;244
90570431;5;https://www.copafer.com.br/tintas-e-acessorios/tintas;76
90570424;5;https://www.copafer.com.br/tintas-e-acessorios/tintas;27
90372765;5;https://www.copafer.com.br/tintas-e-acessorios/tintas;154
87085621;5;https://www.copafer.com.br/tintas-e-acessorios/tintas;88
89705826;5;https://www.copafer.com.br/tintas-e-acessorios/tintas;393
87224333;5;https://www.copafer.com.br/tintas-e-acessorios/tintas;118
88568662;5;https://www.copafer.com.br/tintas-e-acessorios/tintas;54
89705994;5;https://www.copafer.com.br/tintas-e-acessorios/tintas;134
87660440;5;https://www.copafer.com.br/tintas-e-acessorios/tintas;514
87107853;5;https://www.copafer.com.br/tintas-e-acessorios/tintas;378
87085320;5;https://www.copafer.com.br/tintas-e-acessorios/tintas;335
87949414;5;https://www.copafer.com.br/tintas-e-acessorios/tintas;341
90319180;5;https://www.copafer.com.br/tintas-e-acessorios/tintas;144
89705805;5;https://www.copafer.com.br/tintas-e-acessorios/tintas;404
89705945;5;https://www.copafer.com.br/tintas-e-acessorios/tintas;457
87653055;5;https://www.copafer.com.br/tintas-e-acessorios/tintas;255
90396012;5;https://www.copafer.com.br/tintas-e-acessorios/tintas;413
89705616;5;https://www.copafer.com.br/tintas-e-acessorios/tintas;105
89705882;5;https://www.copafer.com.br/tintas-e-acessorios/tintas;382
90395424;5;https://www.copafer.com.br/tintas-e-acessorios/tintas;160
89732825;5;https://www.copafer.com.br/tintas-e-acessorios/tintas;115
89339222;5;https://www.copafer.com.br/tintas-e-acessorios/tintas;114
87106236;5;https://www.copafer.com.br/tintas-e-acessorios/tintas;35
89336996;5;https://www.copafer.com.br/tintas-e-acessorios/tintas;380
88054330;5;https://www.copafer.com.br/tintas-e-acessorios/tintas;406
85052464;5;https://www.copafer.com.br/tintas-e-acessorios/tintas;80
90395466;5;https://www.copafer.com.br/tintas-e-acessorios/tintas;154
87247531;5;https://www.copafer.com.br/tintas-e-acessorios/tintas;93
89732951;5;https://www.copafer.com.br/tintas-e-acessorios/tintas;484
89058046;5;https://www.copafer.com.br/tintas-e-acessorios/tintas;440
87085411;5;https://www.copafer.com.br/tintas-e-acessorios/tintas;87
89749765;5;https://www.copafer.com.br/tintas-e-acessorios/tintas;108
87109176;5;https://www.copafer.com.br/tintas-e-acessorios/tintas;127
89705672;5;https://www.copafer.com.br/tintas-e-acessorios/tintas;109
85052632;5;https://www.copafer.com.br/tintas-e-acessorios/tintas;234
89705980;5;https://www.copafer.com.br/tintas-e-acessorios/tintas;451
87639993;5;https://www.copafer.com.br/tintas-e-acessorios/tintas;350
90372751;5;https://www.copafer.com.br/tintas-e-acessorios/tintas;119
88543630;5;https://www.copafer.com.br/tintas-e-acessorios/tintas;51
87797311;5;https://www.copafer.com.br/tintas-e-acessorios/tintas;316
90372786;5;https://www.copafer.com.br/tintas-e-acessorios/tintas;102
88543616;5;https://www.copafer.com.br/tintas-e-acessorios/tintas;47
85431325;5;https://www.copafer.com.br/tintas-e-acessorios/tintas;100
86894262;5;https://www.copafer.com.br/tintas-e-acessorios/tintas;61
87247433;5;https://www.copafer.com.br/tintas-e-acessorios/tintas;312
87738056;5;https://www.copafer.com.br/tintas-e-acessorios/tintas;137
87253691;5;https://www.copafer.com.br/tintas-e-acessorios/tintas;335
89705854;5;https://www.copafer.com.br/tintas-e-acessorios/tintas;100
89705770;5;https://www.copafer.com.br/tintas-e-acessorios/tintas;99
88207623;5;https://www.copafer.com.br/tintas-e-acessorios/tintas;458
88543651;5;https://www.copafer.com.br/tintas-e-acessorios/tintas;49
90570536;5;https://www.copafer.com.br/tintas-e-acessorios/tintas;326
85430513;5;https://www.copafer.com.br/tintas-e-acessorios/tintas;119
86881683;5;https://www.copafer.com.br/tintas-e-acessorios/tintas;207
89705602;5;https://www.copafer.com.br/tintas-e-acessorios/tintas;422
87296783;5;https://www.copafer.com.br/tintas-e-acessorios/tintas;100
87088386;5;https://www.copafer.com.br/tintas-e-acessorios/tintas;121
87296762;5;https://www.copafer.com.br/tintas-e-acessorios/tintas;117
90372730;5;https://www.copafer.com.br/tintas-e-acessorios/tintas;418
89669650;5;https://www.copafer.com.br/tintas-e-acessorios/tintas;417
87088022;5;https://www.copafer.com.br/tintas-e-acessorios/tintas;403
90372772;5;https://www.copafer.com.br/tintas-e-acessorios/tintas;156
88568480;5;https://www.copafer.com.br/tintas-e-acessorios/tintas;56
89705735;5;https://www.copafer.com.br/tintas-e-acessorios/tintas;114
89705721;5;https://www.copafer.com.br/tintas-e-acessorios/tintas;390
87247412;5;https://www.copafer.com.br/tintas-e-acessorios/tintas;342
85185814;5;https://www.copafer.com.br/tintas-e-acessorios/tintas;96
89705665;5;https://www.copafer.com.br/tintas-e-acessorios/tintas;365
86378460;5;https://www.copafer.com.br/tintas-e-acessorios/tintas;142
87085691;5;https://www.copafer.com.br/tintas-e-acessorios/tintas;80
